Id,domain_no,hmm_species,chain_type,e-value,score,seqstart_index,seqend_index,identity_species,v_gene,v_identity,j_gene,j_identity,1,2,3,4,5,6,7,8,9,10,11,12,13,14,15,16,17,18,19,20,21,22,23,24,25,26,27,28,29,30,31,32,33,34,35,36,37,38,39,40,41,42,43,44,45,46,47,48,49,50,51,52,53,54,55,56,57,58,59,60,61,62,63,64,65,66,67,68,69,70,71,72,73,74,75,76,77,78,79,80,81,82,83,84,85,86,87,88,89,90,91,92,93,94,95,96,97,98,99,100,101,102,103,104,105,106,107,108,109,110,111,112,113,114,115,116,117,118,119,120,121,122,123,124,125,126,127
pathogen_5277,0,human,L,1.4e-53,171.6,0,109,human,IGLV1-47*01,0.90,IGLJ3*01,0.92,Q,S,V,L,T,Q,P,P,S,-,A,S,G,T,P,G,Q,R,V,T,I,S,C,S,G,S,S,S,N,I,-,-,-,-,G,S,Y,Y,V,Y,W,Y,Q,Q,F,P,G,T,A,P,K,L,L,I,Y,G,N,-,-,-,-,-,-,-,N,Q,R,P,S,G,V,P,-,D,R,F,S,G,S,K,-,-,S,G,T,S,A,S,L,A,I,T,G,L,Q,A,E,D,E,A,D,Y,Y,C,Q,S,Y,D,S,S,-,-,L,S,G,V,I,F,G,G,G,T,K,L,T,V,L
pathogen_5157,0,human,L,2.1e-47,151.6,0,107,human,IGLV2-23*02,0.86,IGLJ3*01,0.75,-,-,A,L,T,Q,P,A,S,-,V,S,G,S,P,G,Q,S,I,T,I,S,C,T,G,T,K,Y,D,V,G,-,-,-,S,H,D,L,V,S,W,Y,Q,Q,Y,P,G,K,V,P,K,Y,M,I,Y,E,V,-,-,-,-,-,-,-,N,K,R,P,S,G,V,S,-,N,R,F,S,G,S,K,-,-,S,G,N,T,A,S,L,T,I,S,G,L,R,A,E,D,E,A,D,Y,Y,C,C,S,F,G,G,-,-,-,S,A,T,V,V,C,G,G,G,T,K,V,T,V,H
pathogen_632,0,human,K,6.1e-39,124.0,0,99,human,IGKV3-20*01,0.72,IGKJ1*01,0.58,E,I,V,L,T,Q,S,P,G,T,L,S,L,S,P,G,E,T,A,I,I,S,C,R,T,S,Q,Y,-,-,-,-,-,-,-,-,G,S,L,A,W,Y,Q,Q,R,P,G,Q,A,P,R,L,V,I,Y,S,G,-,-,-,-,-,-,-,S,T,R,A,A,G,I,P,-,D,R,F,S,G,S,R,-,-,W,G,P,D,Y,N,L,T,I,S,N,L,E,S,G,D,F,G,V,Y,Y,C,Q,Q,Y,-,-,-,-,-,-,-,-,E,F,F,G,Q,G,T,K,V,Q,V,-
pathogen_904,0,human,K,8.6e-54,172.0,0,108,human,IGKV3-15*02,0.89,IGKJ3*01,0.92,E,I,V,M,T,Q,S,P,A,T,L,S,V,S,L,G,E,R,A,T,L,S,C,R,T,S,Q,N,V,-,-,-,-,-,-,A,Y,N,F,A,W,Y,Q,Q,K,P,G,Q,A,P,R,L,L,I,Y,E,A,-,-,-,-,-,-,-,S,S,R,A,T,G,T,P,-,A,R,F,S,G,S,G,-,-,F,G,T,E,F,T,L,T,I,S,S,M,Q,S,E,D,F,A,V,Y,Y,C,Q,Q,Y,N,N,W,-,-,P,S,P,F,T,F,G,P,G,T,K,V,H,I,K
pathogen_888,0,human,L,1.3e-42,136.0,0,105,human,IGLV3-1*01,0.82,IGLJ3*02,0.83,S,Y,D,L,T,Q,P,P,S,-,V,S,V,S,P,G,Q,T,A,S,I,S,C,S,G,D,K,L,D,-,-,-,-,-,-,D,K,Y,V,S,W,Y,Y,Q,R,P,G,Q,S,P,V,L,L,M,Y,Q,D,-,-,-,-,-,-,-,F,K,R,P,S,G,I,P,-,E,R,L,S,G,S,K,-,-,S,G,K,T,A,T,L,T,I,S,G,T,Q,S,L,D,E,G,D,Y,Y,C,Q,A,W,D,A,-,-,-,-,S,T,G,V,S,G,G,G,T,K,L,T,V,L
pathogen_3805,0,human,L,8.7e-43,136.6,0,105,human,IGLV3-1*01,0.82,IGLJ3*02,0.83,S,Y,L,L,T,Q,P,P,S,-,V,S,V,S,P,G,Q,T,A,S,I,S,C,S,G,D,K,L,D,-,-,-,-,-,-,D,K,Y,V,S,W,Y,Y,Q,R,P,G,Q,S,P,V,L,L,M,Y,Q,D,-,-,-,-,-,-,-,F,K,R,P,S,G,I,P,-,E,R,L,S,G,S,K,-,-,S,G,K,T,A,T,L,T,I,S,G,T,Q,S,L,D,E,G,D,Y,Y,C,Q,A,W,D,A,-,-,-,-,S,T,G,V,S,G,G,G,T,K,L,T,V,L
pathogen_965,0,human,K,1.2e-39,126.3,0,97,human,IGKV3-20*01,0.69,IGKJ1*01,0.58,-,-,V,L,T,Q,S,P,A,T,L,S,L,S,P,G,E,T,A,I,I,S,C,R,T,S,Q,S,-,-,-,-,-,-,-,-,G,S,L,A,W,Y,Q,Q,R,P,G,Q,A,P,R,L,V,I,Y,S,G,-,-,-,-,-,-,-,S,T,R,A,A,G,I,P,-,D,R,F,S,G,S,R,-,-,W,G,A,D,Y,N,L,S,I,S,N,L,E,S,G,D,F,G,V,Y,Y,C,Q,Q,Y,-,-,-,-,-,-,-,-,E,F,F,G,Q,G,T,K,V,Q,V,-
pathogen_5296,0,human,L,1.7e-42,135.7,0,104,human,IGLV3-1*01,0.81,IGLJ3*02,0.83,-,Y,L,L,T,Q,P,P,S,-,V,S,V,S,P,G,Q,T,A,S,I,S,C,S,G,D,K,L,D,-,-,-,-,-,-,D,K,Y,V,S,W,Y,Y,Q,R,P,G,Q,S,P,V,L,L,M,Y,Q,D,-,-,-,-,-,-,-,F,K,R,P,S,G,I,P,-,E,R,L,S,G,S,K,-,-,S,G,K,T,A,T,L,T,I,S,G,T,Q,S,L,D,E,G,D,Y,Y,C,Q,A,W,D,A,-,-,-,-,S,T,G,V,S,G,G,G,T,K,L,T,V,L
pathogen_1033,0,human,K,4.1e-55,176.3,0,108,human,IGKV3-20*01,0.95,IGKJ4*01,0.83,E,I,V,L,T,Q,S,P,G,T,L,S,L,S,P,G,E,R,A,T,L,S,C,R,A,S,Q,S,I,S,-,-,-,-,-,G,Y,Y,L,T,W,Y,Q,Q,K,P,G,Q,A,P,R,L,L,I,Y,G,A,-,-,-,-,-,-,-,S,S,R,A,T,G,I,P,-,D,R,F,S,G,S,G,-,-,S,G,T,D,F,T,L,T,I,S,R,L,E,P,E,D,F,A,V,Y,Y,C,Q,Q,Y,G,I,-,-,-,S,P,V,I,T,F,G,G,G,T,N,V,E,I,K
pathogen_3103,0,human,K,3.5e-55,176.5,0,108,human,IGKV3-20*01,0.95,IGKJ4*01,0.83,E,I,V,L,T,Q,S,P,G,T,L,S,L,S,P,G,E,R,A,T,L,S,C,R,A,S,Q,S,I,S,-,-,-,-,-,G,Y,Y,L,T,W,Y,Q,Q,K,P,G,Q,A,P,R,L,L,I,Y,G,A,-,-,-,-,-,-,-,S,S,R,A,T,G,I,P,-,D,R,F,S,G,S,G,-,-,S,G,T,D,F,T,L,T,I,S,R,L,E,P,E,D,F,A,V,Y,Y,C,Q,Q,Y,G,I,-,-,-,S,P,V,I,T,F,G,G,G,T,N,V,E,I,K
pathogen_83,0,human,L,4.6e-49,156.9,0,109,human,IGLV10-54*04,0.97,IGLJ3*01,1.00,Q,P,G,L,T,Q,P,P,S,-,V,S,K,G,L,R,Q,T,A,T,L,T,C,T,G,N,S,N,N,V,-,-,-,-,G,N,Q,G,A,A,W,L,Q,Q,H,Q,G,H,P,P,K,L,L,S,Y,R,N,-,-,-,-,-,-,-,N,D,R,P,S,G,I,S,-,E,R,F,S,A,S,R,-,-,S,G,N,T,A,S,L,T,I,T,G,L,Q,P,E,D,E,A,D,Y,Y,C,S,T,W,D,S,S,-,-,L,S,A,V,V,F,G,G,G,T,K,L,T,V,L
pathogen_197,0,human,L,4.4e-50,160.2,0,109,human,IGLV1-47*01,0.90,IGLJ3*02,0.92,Q,S,V,L,T,Q,P,L,S,-,A,P,G,T,P,G,Q,R,V,T,I,S,C,S,G,S,S,S,N,V,-,-,-,-,G,T,N,A,V,D,W,Y,Q,R,L,P,G,T,A,P,K,L,L,I,Y,Y,N,-,-,-,-,-,-,-,N,Q,R,P,S,G,V,P,-,D,R,F,S,G,S,K,-,-,S,G,T,S,A,S,L,A,I,S,G,L,R,S,E,D,E,A,D,Y,Y,C,A,T,W,D,N,S,-,-,L,N,D,R,V,F,G,G,G,T,K,L,T,V,L
pathogen_2340,0,human,L,2.3e-49,157.9,0,107,human,IGLV1-47*01,0.88,IGLJ3*02,0.92,-,-,V,L,T,Q,P,L,S,-,A,P,G,T,P,G,Q,R,V,T,I,S,C,S,G,S,S,S,N,V,-,-,-,-,G,T,N,A,V,D,W,Y,Q,R,L,P,G,T,A,P,K,L,L,I,Y,Y,N,-,-,-,-,-,-,-,N,Q,R,P,S,G,V,P,-,D,R,F,S,G,S,K,-,-,S,G,T,S,A,S,L,A,I,S,G,L,R,S,E,D,E,A,D,Y,Y,C,A,T,W,D,N,S,-,-,L,N,D,R,V,F,G,G,G,T,K,L,T,V,L
pathogen_3876,0,human,K,6.7e-56,178.8,1,105,human,IGKV1D-12*02,0.90,IGKJ3*01,0.75,-,-,P,M,T,Q,S,P,S,S,V,S,A,S,V,G,D,R,V,T,I,S,C,R,A,S,Q,G,I,-,-,-,-,-,-,S,N,S,L,A,W,Y,Q,Q,K,L,G,K,A,P,Q,L,L,I,Y,A,A,-,-,-,-,-,-,-,S,S,L,Q,S,G,V,P,-,S,R,F,S,G,S,G,-,-,S,G,T,D,F,T,L,T,I,S,S,L,Q,P,E,D,F,A,T,Y,Y,C,Q,Q,T,N,T,-,-,-,-,F,P,F,T,F,G,P,G,T,K,V,E,V,R
